{
  "1": {
    "valid": true,
    "resources": [
      {
        "type": "food",
        "value": 2000
      },
      {
        "type": "lumber",
        "value": 2000
      },
      {
        "type": "stone",
        "value": 2000
      },
      {
        "type": "gold",
        "value": 1000
      }
    ],
    "requirements": [
      {
        "type": "castle",
        "level": 1
      },
      {
        "type": "farm",
        "level": 1
      }
    ],
    "time": 1,
    "power": 420
  },
  "2": {
    "valid": true,
    "resources": [
      {
        "type": "food",
        "value": 2640
      },
      {
        "type": "lumber",
        "value": 2640
      },
      {
        "type": "stone",
        "value": 2640
      },
      {
        "type": "gold",
        "value": 1320
      }
    ],
    "requirements": [
      {
        "type": "castle",
        "level": 2
      },
      {
        "type": "farm",
        "level": 2
      }
    ],
    "time": 3,
    "power": 1099
  },
  "3": {
    "valid": true,
    "resources": [
      {
        "type": "food",
        "value": 3485
      },
      {
        "type": "lumber",
        "value": 3485
      },
      {
        "type": "stone",
        "value": 3485
      },
      {
        "type": "gold",
        "value": 1742
      }
    ],
    "requirements": [
      {
        "type": "castle",
        "level": 3
      },
      {
        "type": "farm",
        "level": 3
      }
    ],
    "time": 60,
    "power": 2052
  },
  "4": {
    "valid": true,
    "resources": [
      {
        "type": "food",
        "value": 4600
      },
      {
        "type": "lumber",
        "value": 4600
      },
      {
        "type": "stone",
        "value": 4600
      },
      {
        "type": "gold",
        "value": 2299
      }
    ],
    "requirements": [
      {
        "type": "castle",
        "level": 4
      },
      {
        "type": "farm",
        "level": 4
      }
    ],
    "time": 180,
    "power": 3312
  },
  "5": {
    "valid": true,
    "resources": [
      {
        "type": "food",
        "value": 6072
      },
      {
        "type": "lumber",
        "value": 6072
      },
      {
        "type": "stone",
        "value": 6072
      },
      {
        "type": "gold",
        "value": 3035
      }
    ],
    "requirements": [
      {
        "type": "castle",
        "level": 5
      },
      {
        "type": "farm",
        "level": 5
      }
    ],
    "time": 305,
    "power": 4944
  },
  "6": {
    "valid": true,
    "resources": [
      {
        "type": "food",
        "value": 8015
      },
      {
        "type": "lumber",
        "value": 8015
      },
      {
        "type": "stone",
        "value": 8015
      },
      {
        "type": "gold",
        "value": 4006
      }
    ],
    "requirements": [
      {
        "type": "castle",
        "level": 6
      },
      {
        "type": "farm",
        "level": 6
      }
    ],
    "time": 458,
    "power": 7002
  },
  "7": {
    "valid": true,
    "resources": [
      {
        "type": "food",
        "value": 10580
      },
      {
        "type": "lumber",
        "value": 10580
      },
      {
        "type": "stone",
        "value": 10580
      },
      {
        "type": "gold",
        "value": 5288
      }
    ],
    "requirements": [
      {
        "type": "castle",
        "level": 7
      },
      {
        "type": "farm",
        "level": 7
      }
    ],
    "time": 687,
    "power": 9542
  },
  "8": {
    "valid": true,
    "resources": [
      {
        "type": "food",
        "value": 13966
      },
      {
        "type": "lumber",
        "value": 13966
      },
      {
        "type": "stone",
        "value": 13966
      },
      {
        "type": "gold",
        "value": 6980
      }
    ],
    "requirements": [
      {
        "type": "castle",
        "level": 8
      },
      {
        "type": "farm",
        "level": 8
      }
    ],
    "time": 1031,
    "power": 12682
  },
  "9": {
    "valid": true,
    "resources": [
      {
        "type": "food",
        "value": 18435
      },
      {
        "type": "lumber",
        "value": 18435
      },
      {
        "type": "stone",
        "value": 18435
      },
      {
        "type": "gold",
        "value": 9214
      }
    ],
    "requirements": [
      {
        "type": "castle",
        "level": 9
      },
      {
        "type": "farm",
        "level": 9
      }
    ],
    "time": 1547,
    "power": 16492
  },
  "10": {
    "valid": true,
    "resources": [
      {
        "type": "food",
        "value": 24334
      },
      {
        "type": "lumber",
        "value": 24334
      },
      {
        "type": "stone",
        "value": 24334
      },
      {
        "type": "gold",
        "value": 12162
      }
    ],
    "requirements": [
      {
        "type": "castle",
        "level": 10
      },
      {
        "type": "farm",
        "level": 10
      }
    ],
    "time": 2321,
    "power": 21109
  },
  "11": {
    "valid": true,
    "resources": [
      {
        "type": "food",
        "value": 32121
      },
      {
        "type": "lumber",
        "value": 32121
      },
      {
        "type": "stone",
        "value": 32121
      },
      {
        "type": "gold",
        "value": 16054
      }
    ],
    "requirements": [
      {
        "type": "castle",
        "level": 11
      },
      {
        "type": "farm",
        "level": 11
      }
    ],
    "time": 3482,
    "power": 26681
  },
  "12": {
    "valid": true,
    "resources": [
      {
        "type": "food",
        "value": 42400
      },
      {
        "type": "lumber",
        "value": 42400
      },
      {
        "type": "stone",
        "value": 42400
      },
      {
        "type": "gold",
        "value": 21191
      }
    ],
    "requirements": [
      {
        "type": "castle",
        "level": 12
      },
      {
        "type": "farm",
        "level": 12
      }
    ],
    "time": 5223,
    "power": 33367
  },
  "13": {
    "valid": true,
    "resources": [
      {
        "type": "food",
        "value": 55968
      },
      {
        "type": "lumber",
        "value": 55968
      },
      {
        "type": "stone",
        "value": 55968
      },
      {
        "type": "gold",
        "value": 27972
      }
    ],
    "requirements": [
      {
        "type": "castle",
        "level": 13
      },
      {
        "type": "farm",
        "level": 13
      }
    ],
    "time": 7835,
    "power": 41335
  },
  "14": {
    "valid": true,
    "resources": [
      {
        "type": "food",
        "value": 73878
      },
      {
        "type": "lumber",
        "value": 73878
      },
      {
        "type": "stone",
        "value": 73878
      },
      {
        "type": "gold",
        "value": 36923
      }
    ],
    "requirements": [
      {
        "type": "castle",
        "level": 14
      },
      {
        "type": "farm",
        "level": 14
      }
    ],
    "time": 11753,
    "power": 50839
  },
  "15": {
    "valid": true,
    "resources": [
      {
        "type": "food",
        "value": 97519
      },
      {
        "type": "lumber",
        "value": 97519
      },
      {
        "type": "stone",
        "value": 97519
      },
      {
        "type": "gold",
        "value": 48738
      }
    ],
    "requirements": [
      {
        "type": "castle",
        "level": 15
      },
      {
        "type": "farm",
        "level": 15
      }
    ],
    "time": 17630,
    "power": 62148
  },
  "16": {
    "valid": true,
    "resources": [
      {
        "type": "food",
        "value": 128725
      },
      {
        "type": "lumber",
        "value": 128725
      },
      {
        "type": "stone",
        "value": 128725
      },
      {
        "type": "gold",
        "value": 64334
      }
    ],
    "requirements": [
      {
        "type": "castle",
        "level": 16
      },
      {
        "type": "farm",
        "level": 16
      }
    ],
    "time": 21156,
    "power": 75588
  },
  "17": {
    "valid": true,
    "resources": [
      {
        "type": "food",
        "value": 169917
      },
      {
        "type": "lumber",
        "value": 169917
      },
      {
        "type": "stone",
        "value": 169917
      },
      {
        "type": "gold",
        "value": 84921
      }
    ],
    "requirements": [
      {
        "type": "castle",
        "level": 17
      },
      {
        "type": "farm",
        "level": 17
      }
    ],
    "time": 25387,
    "power": 91503
  },
  "18": {
    "valid": true,
    "resources": [
      {
        "type": "food",
        "value": 224290
      },
      {
        "type": "lumber",
        "value": 224290
      },
      {
        "type": "stone",
        "value": 224290
      },
      {
        "type": "gold",
        "value": 112096
      }
    ],
    "requirements": [
      {
        "type": "castle",
        "level": 18
      },
      {
        "type": "farm",
        "level": 18
      }
    ],
    "time": 30464,
    "power": 110298
  },
  "19": {
    "valid": true,
    "resources": [
      {
        "type": "food",
        "value": 296063
      },
      {
        "type": "lumber",
        "value": 296063
      },
      {
        "type": "stone",
        "value": 296063
      },
      {
        "type": "gold",
        "value": 147967
      }
    ],
    "requirements": [
      {
        "type": "castle",
        "level": 19
      },
      {
        "type": "farm",
        "level": 19
      }
    ],
    "time": 36557,
    "power": 132485
  },
  "20": {
    "valid": true,
    "resources": [
      {
        "type": "food",
        "value": 390803
      },
      {
        "type": "lumber",
        "value": 390803
      },
      {
        "type": "stone",
        "value": 390803
      },
      {
        "type": "gold",
        "value": 195316
      }
    ],
    "requirements": [
      {
        "type": "castle",
        "level": 20
      },
      {
        "type": "farm",
        "level": 20
      }
    ],
    "time": 43868,
    "power": 158647
  },
  "21": {
    "valid": true,
    "resources": [
      {
        "type": "food",
        "value": 515860
      },
      {
        "type": "lumber",
        "value": 515860
      },
      {
        "type": "stone",
        "value": 515860
      },
      {
        "type": "gold",
        "value": 257817
      }
    ],
    "requirements": [
      {
        "type": "castle",
        "level": 21
      },
      {
        "type": "farm",
        "level": 21
      }
    ],
    "time": 52642,
    "power": 189442
  },
  "22": {
    "valid": true,
    "resources": [
      {
        "type": "food",
        "value": 680935
      },
      {
        "type": "lumber",
        "value": 680935
      },
      {
        "type": "stone",
        "value": 680935
      },
      {
        "type": "gold",
        "value": 340318
      }
    ],
    "requirements": [
      {
        "type": "castle",
        "level": 22
      },
      {
        "type": "farm",
        "level": 22
      }
    ],
    "time": 63170,
    "power": 225652
  },
  "23": {
    "valid": true,
    "resources": [
      {
        "type": "food",
        "value": 898834
      },
      {
        "type": "lumber",
        "value": 898834
      },
      {
        "type": "stone",
        "value": 898834
      },
      {
        "type": "gold",
        "value": 449220
      }
    ],
    "requirements": [
      {
        "type": "castle",
        "level": 23
      },
      {
        "type": "farm",
        "level": 23
      }
    ],
    "time": 75804,
    "power": 268191
  },
  "24": {
    "valid": true,
    "resources": [
      {
        "type": "food",
        "value": 1186461
      },
      {
        "type": "lumber",
        "value": 1186461
      },
      {
        "type": "stone",
        "value": 1186461
      },
      {
        "type": "gold",
        "value": 592970
      }
    ],
    "requirements": [
      {
        "type": "castle",
        "level": 24
      },
      {
        "type": "farm",
        "level": 24
      }
    ],
    "time": 90965,
    "power": 318112
  },
  "25": {
    "valid": true,
    "resources": [
      {
        "type": "food",
        "value": 1566129
      },
      {
        "type": "lumber",
        "value": 1566129
      },
      {
        "type": "stone",
        "value": 1566129
      },
      {
        "type": "gold",
        "value": 782720
      }
    ],
    "requirements": [
      {
        "type": "castle",
        "level": 25
      },
      {
        "type": "farm",
        "level": 25
      }
    ],
    "time": 109158,
    "power": 376662
  },
  "26": {
    "valid": true,
    "resources": [
      {
        "type": "food",
        "value": 2067290
      },
      {
        "type": "lumber",
        "value": 2067290
      },
      {
        "type": "stone",
        "value": 2067290
      },
      {
        "type": "gold",
        "value": 1033190
      }
    ],
    "requirements": [
      {
        "type": "castle",
        "level": 26
      },
      {
        "type": "farm",
        "level": 26
      }
    ],
    "time": 130990,
    "power": 445244
  },
  "27": {
    "valid": true,
    "resources": [
      {
        "type": "food",
        "value": 2728823
      },
      {
        "type": "lumber",
        "value": 2728823
      },
      {
        "type": "stone",
        "value": 2728823
      },
      {
        "type": "gold",
        "value": 1363811
      }
    ],
    "requirements": [
      {
        "type": "castle",
        "level": 27
      },
      {
        "type": "farm",
        "level": 27
      }
    ],
    "time": 157188,
    "power": 525525
  },
  "28": {
    "valid": true,
    "resources": [
      {
        "type": "food",
        "value": 3602046
      },
      {
        "type": "lumber",
        "value": 3602046
      },
      {
        "type": "stone",
        "value": 3602046
      },
      {
        "type": "gold",
        "value": 1800231
      }
    ],
    "requirements": [
      {
        "type": "castle",
        "level": 28
      },
      {
        "type": "farm",
        "level": 28
      }
    ],
    "time": 188626,
    "power": 619449
  },
  "29": {
    "valid": true,
    "resources": [
      {
        "type": "food",
        "value": 4754701
      },
      {
        "type": "lumber",
        "value": 4754701
      },
      {
        "type": "stone",
        "value": 4754701
      },
      {
        "type": "gold",
        "value": 2376305
      }
    ],
    "requirements": [
      {
        "type": "castle",
        "level": 29
      },
      {
        "type": "farm",
        "level": 29
      }
    ],
    "time": 226351,
    "power": 729306
  },
  "30": {
    "valid": true,
    "resources": [
      {
        "type": "food",
        "value": 6276205
      },
      {
        "type": "lumber",
        "value": 6276205
      },
      {
        "type": "stone",
        "value": 6276205
      },
      {
        "type": "gold",
        "value": 3136723
      },
      {
        "type": "golden_pillar",
        "value": 1
      }
    ],
    "requirements": [
      {
        "type": "castle",
        "level": 30
      },
      {
        "type": "farm",
        "level": 30
      }
    ],
    "time": 271621,
    "power": 857637
  }
}