[
  {
    "code": 50100101,
    "name": "fighter",
    "type": 1,
    "hp": 130,
    "attack": 45,
    "defense": 35,
    "speed": 65,
    "power": 2,
    "carry": 2,
    "need_code_1": 10100001,
    "need_value_1": 30,
    "need_code_2": 10100002,
    "need_value_2": 0,
    "need_code_3": 10100003,
    "need_value_3": 60,
    "need_code_4": 10100004,
    "need_value_4": 15,
    "time": 3,
    "heal_time": 0.5
  },
  {
    "code": 50100102,
    "name": "warrior",
    "type": 1,
    "hp": 150,
    "attack": 55,
    "defense": 41,
    "speed": 65,
    "power": 5,
    "carry": 4,
    "need_code_1": 10100001,
    "need_value_1": 60,
    "need_code_2": 10100002,
    "need_value_2": 0,
    "need_code_3": 10100003,
    "need_value_3": 120,
    "need_code_4": 10100004,
    "need_value_4": 30,
    "time": 6,
    "heal_time": 1
  },
  {
    "code": 50100103,
    "name": "knight",
    "type": 1,
    "hp": 190,
    "attack": 65,
    "defense": 55,
    "speed": 70,
    "power": 10,
    "carry": 6,
    "need_code_1": 10100001,
    "need_value_1": 90,
    "need_code_2": 10100002,
    "need_value_2": 0,
    "need_code_3": 10100003,
    "need_value_3": 180,
    "need_code_4": 10100004,
    "need_value_4": 45,
    "time": 12,
    "heal_time": 2
  },
  {
    "code": 50100104,
    "name": "guardian",
    "type": 1,
    "hp": 220,
    "attack": 92,
    "defense": 74,
    "speed": 70,
    "power": 15,
    "carry": 8,
    "need_code_1": 10100001,
    "need_value_1": 180,
    "need_code_2": 10100002,
    "need_value_2": 0,
    "need_code_3": 10100003,
    "need_value_3": 360,
    "need_code_4": 10100004,
    "need_value_4": 90,
    "time": 24,
    "heal_time": 3
  },
  {
    "code": 50100105,
    "name": "crusader",
    "type": 1,
    "hp": 300,
    "attack": 126,
    "defense": 105,
    "speed": 75,
    "power": 30,
    "carry": 10,
    "need_code_1": 10100001,
    "need_value_1": 360,
    "need_code_2": 10100002,
    "need_value_2": 0,
    "need_code_3": 10100003,
    "need_value_3": 720,
    "need_code_4": 10100004,
    "need_value_4": 180,
    "time": 48,
    "heal_time": 4
  },
  {
    "code": 50100201,
    "name": "hunter",
    "type": 2,
    "hp": 115,
    "attack": 57,
    "defense": 25,
    "speed": 75,
    "power": 2,
    "carry": 1.5,
    "need_code_1": 10100001,
    "need_value_1": 0,
    "need_code_2": 10100002,
    "need_value_2": 60,
    "need_code_3": 10100003,
    "need_value_3": 30,
    "need_code_4": 10100004,
    "need_value_4": 15,
    "time": 3,
    "heal_time": 0.5
  },
  {
    "code": 50100202,
    "name": "longbow man",
    "type": 2,
    "hp": 135,
    "attack": 67,
    "defense": 31,
    "speed": 75,
    "power": 5,
    "carry": 3,
    "need_code_1": 10100001,
    "need_value_1": 0,
    "need_code_2": 10100002,
    "need_value_2": 120,
    "need_code_3": 10100003,
    "need_value_3": 60,
    "need_code_4": 10100004,
    "need_value_4": 30,
    "time": 6,
    "heal_time": 1
  },
  {
    "code": 50100203,
    "name": "ranger",
    "type": 2,
    "hp": 160,
    "attack": 89,
    "defense": 35,
    "speed": 80,
    "power": 10,
    "carry": 4.5,
    "need_code_1": 10100001,
    "need_value_1": 0,
    "need_code_2": 10100002,
    "need_value_2": 180,
    "need_code_3": 10100003,
    "need_value_3": 90,
    "need_code_4": 10100004,
    "need_value_4": 45,
    "time": 12,
    "heal_time": 2
  },
  {
    "code": 50100204,
    "name": "crossbow man",
    "type": 2,
    "hp": 200,
    "attack": 119,
    "defense": 51,
    "speed": 80,
    "power": 15,
    "carry": 6,
    "need_code_1": 10100001,
    "need_value_1": 0,
    "need_code_2": 10100002,
    "need_value_2": 360,
    "need_code_3": 10100003,
    "need_value_3": 180,
    "need_code_4": 10100004,
    "need_value_4": 90,
    "time": 24,
    "heal_time": 3
  },
  {
    "code": 50100205,
    "name": "sniper",
    "type": 2,
    "hp": 255,
    "attack": 169,
    "defense": 69,
    "speed": 85,
    "power": 30,
    "carry": 7.5,
    "need_code_1": 10100001,
    "need_value_1": 0,
    "need_code_2": 10100002,
    "need_value_2": 720,
    "need_code_3": 10100003,
    "need_value_3": 360,
    "need_code_4": 10100004,
    "need_value_4": 180,
    "time": 48,
    "heal_time": 4
  },
  {
    "code": 50100301,
    "name": "stableman",
    "type": 3,
    "hp": 120,
    "attack": 54,
    "defense": 32,
    "speed": 95,
    "power": 2,
    "carry": 1,
    "need_code_1": 10100001,
    "need_value_1": 60,
    "need_code_2": 10100002,
    "need_value_2": 30,
    "need_code_3": 10100003,
    "need_value_3": 0,
    "need_code_4": 10100004,
    "need_value_4": 15,
    "time": 3,
    "heal_time": 0.5
  },
  {
    "code": 50100302,
    "name": "horseman",
    "type": 3,
    "hp": 140,
    "attack": 64,
    "defense": 38,
    "speed": 95,
    "power": 5,
    "carry": 2,
    "need_code_1": 10100001,
    "need_value_1": 120,
    "need_code_2": 10100002,
    "need_value_2": 60,
    "need_code_3": 10100003,
    "need_value_3": 0,
    "need_code_4": 10100004,
    "need_value_4": 30,
    "time": 6,
    "heal_time": 1
  },
  {
    "code": 50100303,
    "name": "heavy cavalry",
    "type": 3,
    "hp": 170,
    "attack": 83,
    "defense": 49,
    "speed": 105,
    "power": 10,
    "carry": 3,
    "need_code_1": 10100001,
    "need_value_1": 180,
    "need_code_2": 10100002,
    "need_value_2": 90,
    "need_code_3": 10100003,
    "need_value_3": 0,
    "need_code_4": 10100004,
    "need_value_4": 45,
    "time": 12,
    "heal_time": 2
  },
  {
    "code": 50100304,
    "name": "iron cavalry",
    "type": 3,
    "hp": 200,
    "attack": 113,
    "defense": 67,
    "speed": 105,
    "power": 15,
    "carry": 4,
    "need_code_1": 10100001,
    "need_value_1": 360,
    "need_code_2": 10100002,
    "need_value_2": 180,
    "need_code_3": 10100003,
    "need_value_3": 0,
    "need_code_4": 10100004,
    "need_value_4": 90,
    "time": 24,
    "heal_time": 3
  },
  {
    "code": 50100305,
    "name": "dragoon",
    "type": 3,
    "hp": 270,
    "attack": 158,
    "defense": 94,
    "speed": 110,
    "power": 30,
    "carry": 5,
    "need_code_1": 10100001,
    "need_value_1": 720,
    "need_code_2": 10100002,
    "need_value_2": 360,
    "need_code_3": 10100003,
    "need_value_3": 0,
    "need_code_4": 10100004,
    "need_value_4": 180,
    "time": 48,
    "heal_time": 4
  }
]
